time	count
20131130090002	10
20131130090004	8
20131130090006	5
20131130090008	2
20131130090010	5
20131130090012	2
20131130090014	5
20131130090016	4
20131130090018	6
20131130090020	2
20131130090022	1
20131130090024	2
20131130090026	8
20131130090028	7
20131130090030	1
20131130090032	3
20131130090034	5
20131130090036	7
20131130090038	10
20131130090040	8
20131130090042	9
20131130090044	1
20131130090046	3
20131130090048	8
20131130090050	2
20131130090052	6
20131130090054	7
20131130090056	1
20131130090058	1
20131130090060	3
20131130090062	5
20131130090064	9
20131130090066	1
20131130090068	6
20131130090070	8
20131130090072	10
20131130090074	2
20131130090076	8
20131130090078	8
20131130090080	6
20131130090082	7
20131130090084	3
20131130090086	1
20131130090088	8
20131130090090	6
20131130090092	2
20131130090094	7
20131130090096	10
20131130090098	7
20131130090100	5
20131130090102	3
20131130090104	1
20131130090106	1
20131130090108	10
20131130090110	9
20131130090112	5
20131130090114	2
20131130090116	6
20131130090118	9
20131130090120	6
20131130090122	9
20131130090124	6
20131130090126	8
20131130090128	2
20131130090130	5
20131130090132	5
20131130090134	5
20131130090136	2
20131130090138	10
20131130090140	1
20131130090142	5
20131130090144	3
20131130090146	7
20131130090148	6
20131130090150	2
20131130090152	8
20131130090154	10
20131130090156	5
20131130090158	9
20131130090160	2
20131130090162	2
20131130090164	2
20131130090166	3
20131130090168	2
20131130090170	7
20131130090172	5
20131130090174	5
20131130090176	2
20131130090178	7
20131130090180	3
20131130090182	4
20131130090184	8
20131130090186	9
20131130090188	1
20131130090190	8
20131130090192	4
20131130090194	5
20131130090196	8
20131130090198	9
20131130090200	9
20131130090202	10
20131130090204	1
20131130090206	8
20131130090208	7
20131130090210	5
20131130090212	5
20131130090214	5
20131130090216	1
20131130090218	2
20131130090220	5
20131130090222	6
20131130090224	8
20131130090226	10
20131130090228	8
20131130090230	1
20131130090232	7
20131130090234	10
20131130090236	2
20131130090238	1
20131130090240	10
20131130090242	5
20131130090244	3
20131130090246	10
20131130090248	4
20131130090250	2
20131130090252	6
20131130090254	3
20131130090256	9
20131130090258	9
20131130090260	10
20131130090262	9
20131130090264	7
20131130090266	9
20131130090268	9
20131130090270	6
20131130090272	6
20131130090274	7
20131130090276	9
20131130090278	10
20131130090280	3
20131130090282	2
20131130090284	7
20131130090286	10
20131130090288	1
20131130090290	5
20131130090292	2
20131130090294	4
20131130090296	8
20131130090298	8
20131130090300	9
20131130090302	3
20131130090304	5
20131130090306	9
20131130090308	4
20131130090310	10
20131130090312	9
20131130090314	5
20131130090316	6
20131130090318	7
20131130090320	4
20131130090322	6
20131130090324	4
20131130090326	5
20131130090328	8
20131130090330	7
20131130090332	10
20131130090334	4
20131130090336	5
20131130090338	8
20131130090340	2
20131130090342	6
20131130090344	6
20131130090346	5
20131130090348	4
20131130090350	9
20131130090352	1
20131130090354	1
20131130090356	8
20131130090358	9
20131130090360	2
20131130090362	8
20131130090364	2
20131130090366	1
20131130090368	5
20131130090370	1
20131130090372	7
20131130090374	8
20131130090376	10
20131130090378	4
20131130090380	2
20131130090382	6
20131130090384	7
20131130090386	7
20131130090388	7
20131130090390	5
20131130090392	4
20131130090394	2
20131130090396	10
20131130090398	1
20131130090400	7
20131130090402	2
20131130090404	9
20131130090406	7
20131130090408	4
20131130090410	7
20131130090412	3
20131130090414	6
20131130090416	8
20131130090418	5
20131130090420	6
20131130090422	5
20131130090424	6
20131130090426	7
20131130090428	7
20131130090430	2
20131130090432	9
20131130090434	3
20131130090436	1
20131130090438	2
20131130090440	8
20131130090442	5
20131130090444	10
20131130090446	9
20131130090448	9
20131130090450	9
20131130090452	2
20131130090454	10
20131130090456	2
20131130090458	7
20131130090460	6
20131130090462	3
20131130090464	3
20131130090466	6
20131130090468	1
20131130090470	4
20131130090472	5
20131130090474	8
20131130090476	1
20131130090478	3
20131130090480	7
20131130090482	4
20131130090484	7
20131130090486	3
20131130090488	10
20131130090490	2
20131130090492	2
20131130090494	1
20131130090496	4
20131130090498	9
20131130090500	9
20131130090502	3
20131130090504	7
20131130090506	9
20131130090508	5
20131130090510	3
20131130090512	8
20131130090514	4
20131130090516	5
20131130090518	5
20131130090520	4
20131130090522	1
20131130090524	1
20131130090526	6
20131130090528	3
20131130090530	2
20131130090532	5
20131130090534	7
20131130090536	1
20131130090538	3
20131130090540	5
20131130090542	4
20131130090544	5
20131130090546	8
20131130090548	6
20131130090550	4
20131130090552	5
20131130090554	4
20131130090556	6
20131130090558	10
20131130090560	7
20131130090562	2
20131130090564	3
20131130090566	1
20131130090568	6
20131130090570	10
20131130090572	7
20131130090574	10
20131130090576	5
20131130090578	4
20131130090580	9
20131130090582	1
20131130090584	2
20131130090586	5
20131130090588	5
20131130090590	10
20131130090592	3
20131130090594	4
20131130090596	9
20131130090598	1
20131130090600	6
20131130090602	10
20131130090604	2
20131130090606	4
20131130090608	3
20131130090610	6
20131130090612	10
20131130090614	5
20131130090616	1
20131130090618	8
20131130090620	9
20131130090622	7
20131130090624	7
20131130090626	3
20131130090628	4
20131130090630	1
20131130090632	10
20131130090634	10
20131130090636	5
20131130090638	5
20131130090640	3
20131130090642	2
20131130090644	2
20131130090646	5
20131130090648	4
20131130090650	2
20131130090652	4
20131130090654	7
20131130090656	1
20131130090658	5
20131130090660	6
20131130090662	8
20131130090664	7
20131130090666	2
20131130090668	10
20131130090670	2
20131130090672	9
20131130090674	6
20131130090676	2
20131130090678	2
20131130090680	3
20131130090682	2
20131130090684	1
20131130090686	3
20131130090688	5
20131130090690	7
20131130090692	7
20131130090694	1
20131130090696	4
20131130090698	5
20131130090700	9
20131130090702	2
20131130090704	6
20131130090706	5
20131130090708	3
20131130090710	2
20131130090712	6
20131130090714	3
20131130090716	1
20131130090718	3
20131130090720	1
20131130090722	6
20131130090724	5
20131130090726	2
20131130090728	3
20131130090730	7
20131130090732	2
20131130090734	7
20131130090736	2
20131130090738	9
20131130090740	3
20131130090742	1
20131130090744	7
20131130090746	2
20131130090748	4
20131130090750	10
20131130090752	7
20131130090754	7
20131130090756	3
20131130090758	9
20131130090760	2
20131130090762	1
20131130090764	1
20131130090766	6
20131130090768	2
20131130090770	10
20131130090772	10
20131130090774	3
20131130090776	4
20131130090778	4
20131130090780	1
20131130090782	4
20131130090784	7
20131130090786	2
20131130090788	8
20131130090790	2
20131130090792	10
20131130090794	2
20131130090796	5
20131130090798	2
20131130090800	2
20131130090802	2
20131130090804	9
20131130090806	1
20131130090808	1
20131130090810	3
20131130090812	5
20131130090814	10
20131130090816	8
20131130090818	7
20131130090820	3
20131130090822	9
20131130090824	3
20131130090826	7
20131130090828	7
20131130090830	3
20131130090832	8
20131130090834	10
20131130090836	1
20131130090838	5
20131130090840	2
20131130090842	8
20131130090844	6
20131130090846	6
20131130090848	7
20131130090850	7
20131130090852	5
20131130090854	10
20131130090856	9
20131130090858	10
20131130090860	3
20131130090862	1
20131130090864	7
20131130090866	7
20131130090868	10
20131130090870	9
20131130090872	4
20131130090874	5
20131130090876	10
20131130090878	5
20131130090880	6
20131130090882	8
20131130090884	6
20131130090886	4
20131130090888	9
20131130090890	5
20131130090892	6
20131130090894	10
20131130090896	4
20131130090898	5
20131130090900	8
20131130090902	5
20131130090904	5
20131130090906	10
20131130090908	2
20131130090910	1
20131130090912	10
20131130090914	7
20131130090916	7
20131130090918	5
20131130090920	3
20131130090922	2
20131130090924	9
20131130090926	1
20131130090928	9
20131130090930	2
20131130090932	9
20131130090934	6
20131130090936	7
20131130090938	2
20131130090940	9
20131130090942	7
20131130090944	4
20131130090946	10
20131130090948	4
20131130090950	7
20131130090952	2
20131130090954	6
20131130090956	10
20131130090958	7
20131130090960	1
20131130090962	8
20131130090964	10
20131130090966	3
20131130090968	1
20131130090970	6
20131130090972	4
20131130090974	4
20131130090976	8
20131130090978	3
20131130090980	6
20131130090982	7
20131130090984	2
20131130090986	10
20131130090988	1
20131130090990	9
20131130090992	8
20131130090994	2
20131130090996	10
20131130090998	8
20131130091000	7
20131130091002	4
20131130091004	3
20131130091006	9
20131130091008	8
20131130091010	5
20131130091012	10
20131130091014	5
20131130091016	5
20131130091018	3
20131130091020	7
20131130091022	2
20131130091024	4
20131130091026	6
20131130091028	10
20131130091030	7
20131130091032	3
20131130091034	7
20131130091036	7
20131130091038	3
20131130091040	9
20131130091042	1
20131130091044	5
20131130091046	2
20131130091048	6
20131130091050	3
20131130091052	10
20131130091054	6
20131130091056	1
20131130091058	5
20131130091060	5
20131130091062	10
20131130091064	6
20131130091066	8
20131130091068	8
20131130091070	3
20131130091072	10
20131130091074	3
20131130091076	3
20131130091078	9
20131130091080	10
20131130091082	10
20131130091084	8
20131130091086	5
20131130091088	6
20131130091090	1
20131130091092	9
20131130091094	5
20131130091096	4
20131130091098	3
20131130091100	10
20131130091102	6
20131130091104	1
20131130091106	9
20131130091108	1
20131130091110	4
20131130091112	6
20131130091114	4
20131130091116	2
20131130091118	8
20131130091120	1
20131130091122	5
20131130091124	7
20131130091126	9
20131130091128	9
20131130091130	2
20131130091132	4
20131130091134	3
20131130091136	9
20131130091138	7
20131130091140	6
20131130091142	10
20131130091144	5
20131130091146	1
20131130091148	2
20131130091150	10
20131130091152	5
20131130091154	9
20131130091156	4
20131130091158	7
20131130091160	8
20131130091162	6
20131130091164	4
20131130091166	2
20131130091168	4
20131130091170	4
20131130091172	9
20131130091174	4
20131130091176	10
20131130091178	9
20131130091180	7
20131130091182	9
20131130091184	2
20131130091186	6
20131130091188	2
20131130091190	9
20131130091192	5
20131130091194	8
20131130091196	1
20131130091198	10
20131130091200	3
20131130091202	7
20131130091204	6
20131130091206	3
20131130091208	7
20131130091210	8
20131130091212	1
20131130091214	1
20131130091216	9
20131130091218	6
20131130091220	6
20131130091222	6
20131130091224	2
20131130091226	4
20131130091228	3
20131130091230	2
20131130091232	10
20131130091234	7
20131130091236	5
20131130091238	10
20131130091240	1
20131130091242	6
20131130091244	7
20131130091246	5
20131130091248	9
20131130091250	6
20131130091252	5
20131130091254	10
20131130091256	2
20131130091258	1
20131130091260	1
20131130091262	9
20131130091264	7
20131130091266	1
20131130091268	7
20131130091270	9
20131130091272	10
20131130091274	7
20131130091276	9
20131130091278	4
20131130091280	3
20131130091282	4
20131130091284	1
20131130091286	10
20131130091288	9
20131130091290	8
20131130091292	10
20131130091294	5
20131130091296	3
20131130091298	3
20131130091300	7
20131130091302	7
20131130091304	10
20131130091306	8
20131130091308	2
20131130091310	5
20131130091312	5
20131130091314	6
20131130091316	5
20131130091318	8
20131130091320	10
20131130091322	8
20131130091324	4
20131130091326	10
20131130091328	1
20131130091330	5
20131130091332	5
20131130091334	10
20131130091336	5
20131130091338	9
20131130091340	4
20131130091342	9
20131130091344	7
20131130091346	1
20131130091348	2
20131130091350	10
20131130091352	1
20131130091354	9
20131130091356	4
20131130091358	7
20131130091360	4
20131130091362	7
20131130091364	8
20131130091366	3
20131130091368	1
20131130091370	7
20131130091372	6
20131130091374	6
20131130091376	6
20131130091378	3
20131130091380	10
20131130091382	1
20131130091384	8
20131130091386	2
20131130091388	6
20131130091390	6
20131130091392	5
20131130091394	6
20131130091396	5
20131130091398	10
20131130091400	1
20131130091402	4
20131130091404	3
20131130091406	4
20131130091408	7
20131130091410	5
20131130091412	6
20131130091414	1
20131130091416	2
20131130091418	4
20131130091420	9
20131130091422	8
20131130091424	6
20131130091426	5
20131130091428	2
20131130091430	10
20131130091432	3
20131130091434	3
20131130091436	1
20131130091438	5
20131130091440	5
20131130091442	4
20131130091444	2
20131130091446	2
20131130091448	7
20131130091450	2
20131130091452	10
20131130091454	9
20131130091456	6
20131130091458	3
20131130091460	8
20131130091462	3
20131130091464	7
20131130091466	5
20131130091468	9
20131130091470	10
20131130091472	8
20131130091474	10
20131130091476	10
20131130091478	2
20131130091480	1
20131130091482	4
20131130091484	6
20131130091486	1
20131130091488	5
20131130091490	9
20131130091492	5
20131130091494	1
20131130091496	6
20131130091498	5
20131130091500	2
20131130091502	6
20131130091504	9
20131130091506	5
20131130091508	9
20131130091510	8
20131130091512	8
20131130091514	2
20131130091516	1
20131130091518	10
20131130091520	4
20131130091522	10
20131130091524	2
20131130091526	3
20131130091528	10
20131130091530	7
20131130091532	4
20131130091534	7
20131130091536	3
20131130091538	2
20131130091540	2
20131130091542	7
20131130091544	3
20131130091546	10
20131130091548	2
20131130091550	2
20131130091552	5
20131130091554	2
20131130091556	7
20131130091558	1
20131130091560	4
20131130091562	6
20131130091564	8
20131130091566	9
20131130091568	9
20131130091570	10
20131130091572	4
20131130091574	5
20131130091576	5
20131130091578	9
20131130091580	7
20131130091582	2
20131130091584	4
20131130091586	2
20131130091588	9
20131130091590	4
20131130091592	5
20131130091594	9
20131130091596	4
20131130091598	8
20131130091600	2
20131130091602	1
20131130091604	1
20131130091606	7
20131130091608	2
20131130091610	7
20131130091612	3
20131130091614	10
20131130091616	1
20131130091618	10
20131130091620	9
20131130091622	5
20131130091624	6
20131130091626	1
20131130091628	5
20131130091630	6
20131130091632	4
20131130091634	4
20131130091636	4
20131130091638	3
20131130091640	5
20131130091642	6
20131130091644	3
20131130091646	7
20131130091648	7
20131130091650	3
20131130091652	7
20131130091654	2
20131130091656	4
20131130091658	4
20131130091660	1
20131130091662	9
20131130091664	1
20131130091666	8
20131130091668	5
20131130091670	9
20131130091672	7
20131130091674	5
20131130091676	10
20131130091678	9
20131130091680	6
20131130091682	8
20131130091684	4
20131130091686	3
20131130091688	5
20131130091690	6
20131130091692	1
20131130091694	10
20131130091696	8
20131130091698	1
20131130091700	10
20131130091702	5
20131130091704	10
20131130091706	8
20131130091708	7
20131130091710	4
20131130091712	9
20131130091714	10
20131130091716	2
20131130091718	6
20131130091720	3
20131130091722	8
20131130091724	2
20131130091726	4
20131130091728	2
20131130091730	7
20131130091732	6
20131130091734	4
20131130091736	7
20131130091738	2
20131130091740	4
20131130091742	3
20131130091744	5
20131130091746	1
20131130091748	10
20131130091750	5
20131130091752	8
20131130091754	2
20131130091756	10
20131130091758	10
20131130091760	7
20131130091762	2
20131130091764	3
20131130091766	2
20131130091768	1
20131130091770	6
20131130091772	8
20131130091774	10
20131130091776	3
20131130091778	6
20131130091780	6
20131130091782	4
20131130091784	9
20131130091786	9
20131130091788	8
20131130091790	7
20131130091792	2
20131130091794	10
20131130091796	3
20131130091798	2
20131130091800	3
20131130091802	3
20131130091804	9
20131130091806	3
20131130091808	4
20131130091810	2
20131130091812	5
20131130091814	6
20131130091816	4
20131130091818	6
20131130091820	2
20131130091822	6
20131130091824	5
20131130091826	1
20131130091828	8
20131130091830	3
20131130091832	8
20131130091834	10
20131130091836	4
20131130091838	8
20131130091840	6
20131130091842	1
20131130091844	2
20131130091846	9
20131130091848	10
20131130091850	4
20131130091852	8
20131130091854	5
20131130091856	3
20131130091858	10
20131130091860	9
20131130091862	10
20131130091864	5
20131130091866	9
20131130091868	7
20131130091870	6
20131130091872	2
20131130091874	10
20131130091876	7
20131130091878	2
20131130091880	2
20131130091882	10
20131130091884	9
20131130091886	7
20131130091888	7
20131130091890	10
20131130091892	1
20131130091894	6
20131130091896	4
20131130091898	8
20131130091900	6
20131130091902	5
20131130091904	5
20131130091906	3
20131130091908	8
20131130091910	6
20131130091912	1
20131130091914	2
20131130091916	8
20131130091918	10
20131130091920	8
20131130091922	7
20131130091924	4
20131130091926	7
20131130091928	6
20131130091930	5
20131130091932	10
20131130091934	3
20131130091936	5
20131130091938	8
20131130091940	9
20131130091942	1
20131130091944	6
20131130091946	3
20131130091948	9
20131130091950	5
20131130091952	10
20131130091954	9
20131130091956	7
20131130091958	8
20131130091960	4
20131130091962	4
20131130091964	4
20131130091966	9
20131130091968	6
20131130091970	9
20131130091972	4
20131130091974	4
20131130091976	9
20131130091978	6
20131130091980	6
20131130091982	1
20131130091984	1
20131130091986	6
20131130091988	6
20131130091990	6
20131130091992	10
20131130091994	5
20131130091996	3
20131130091998	3
20131130092000	4
20131130092002	4
20131130092004	6
20131130092006	6
20131130092008	9
20131130092010	9
20131130092012	5
20131130092014	2
20131130092016	7
20131130092018	8
20131130092020	2
20131130092022	6
20131130092024	2
20131130092026	3
20131130092028	8
20131130092030	6
20131130092032	9
20131130092034	1
20131130092036	8
20131130092038	2
20131130092040	3
20131130092042	3
20131130092044	7
20131130092046	9
20131130092048	5
20131130092050	9
20131130092052	9
20131130092054	8
20131130092056	8
20131130092058	4
20131130092060	6
20131130092062	1
20131130092064	1
20131130092066	2
20131130092068	7
20131130092070	9
20131130092072	5
20131130092074	4
20131130092076	6
20131130092078	8
20131130092080	8
20131130092082	3
20131130092084	6
20131130092086	4
20131130092088	4
20131130092090	5
20131130092092	4
20131130092094	2
20131130092096	5
20131130092098	7
20131130092100	6
20131130092102	7
20131130092104	3
20131130092106	7
20131130092108	9
20131130092110	1
20131130092112	8
20131130092114	5
20131130092116	8
20131130092118	2
20131130092120	7
20131130092122	6
20131130092124	10
20131130092126	4
20131130092128	5
20131130092130	6
20131130092132	10
20131130092134	10
20131130092136	9
20131130092138	10
20131130092140	9
20131130092142	8
20131130092144	7
20131130092146	4
20131130092148	2
20131130092150	10
20131130092152	6
20131130092154	8
20131130092156	10
20131130092158	3
20131130092160	5
20131130092162	7
20131130092164	6
20131130092166	4
20131130092168	8
20131130092170	4
20131130092172	10
20131130092174	9
20131130092176	8
20131130092178	2
20131130092180	8
20131130092182	3
20131130092184	10
20131130092186	8
20131130092188	10
20131130092190	8
20131130092192	7
20131130092194	1
20131130092196	4
20131130092198	6
20131130092200	4
20131130092202	3
20131130092204	8
20131130092206	8
20131130092208	8
20131130092210	4
20131130092212	5
20131130092214	10
20131130092216	5
20131130092218	6
20131130092220	10
20131130092222	1
20131130092224	1
20131130092226	2
20131130092228	7
20131130092230	1
20131130092232	4
20131130092234	2
20131130092236	8
20131130092238	6
20131130092240	9
20131130092242	8
20131130092244	5
20131130092246	3
20131130092248	2
20131130092250	7
20131130092252	9
20131130092254	4
20131130092256	10
20131130092258	7
20131130092260	2
20131130092262	7
20131130092264	4
20131130092266	2
20131130092268	7
20131130092270	1
20131130092272	9
20131130092274	8
20131130092276	1
20131130092278	7
20131130092280	9
20131130092282	9
20131130092284	2
20131130092286	2
20131130092288	2
20131130092290	6
20131130092292	3
20131130092294	9
20131130092296	2
20131130092298	1
20131130092300	6
20131130092302	1
20131130092304	4
20131130092306	9
20131130092308	2
20131130092310	5
20131130092312	7
20131130092314	4
20131130092316	9
20131130092318	7
20131130092320	2
20131130092322	3
20131130092324	3
20131130092326	2
20131130092328	8
20131130092330	2
20131130092332	5
20131130092334	1
20131130092336	7
20131130092338	1
20131130092340	5
20131130092342	4
20131130092344	7
20131130092346	5
20131130092348	4
20131130092350	6
20131130092352	7
20131130092354	8
20131130092356	6
20131130092358	7
20131130092360	9
20131130092362	10
20131130092364	5
20131130092366	10
20131130092368	9
20131130092370	3
20131130092372	9
20131130092374	2
20131130092376	1
20131130092378	5
20131130092380	3
20131130092382	6
20131130092384	2
20131130092386	7
20131130092388	5
20131130092390	8
20131130092392	9
20131130092394	4
20131130092396	2
20131130092398	5
20131130092400	8
20131130092402	3
20131130092404	3
20131130092406	3
20131130092408	6
20131130092410	10
20131130092412	4
20131130092414	8
20131130092416	6
20131130092418	7
20131130092420	7
20131130092422	3
20131130092424	7
20131130092426	4
20131130092428	10
20131130092430	2
20131130092432	2
20131130092434	6
20131130092436	2
20131130092438	8
20131130092440	10
20131130092442	4
20131130092444	2
20131130092446	4
20131130092448	1
20131130092450	3
20131130092452	3
20131130092454	7
20131130092456	9
20131130092458	10
20131130092460	8
20131130092462	9
20131130092464	5
20131130092466	4
20131130092468	9
20131130092470	5
20131130092472	4
20131130092474	7
20131130092476	4
20131130092478	8
20131130092480	7
20131130092482	5
20131130092484	9
20131130092486	2
20131130092488	7
20131130092490	1
20131130092492	6
20131130092494	10
20131130092496	2
20131130092498	8
20131130092500	1
20131130092502	6
20131130092504	3
20131130092506	4
20131130092508	2
20131130092510	3
20131130092512	1
20131130092514	8
20131130092516	10
20131130092518	9
20131130092520	6
20131130092522	3
20131130092524	5
20131130092526	7
20131130092528	7
20131130092530	3
20131130092532	3
20131130092534	2
20131130092536	3
20131130092538	4
20131130092540	10
20131130092542	2
20131130092544	2
20131130092546	6
20131130092548	5
20131130092550	7
20131130092552	6
20131130092554	3
20131130092556	3
20131130092558	4
20131130092560	6
20131130092562	7
20131130092564	2
20131130092566	2
20131130092568	6
20131130092570	6
20131130092572	10
20131130092574	6
20131130092576	3
20131130092578	8
20131130092580	10
20131130092582	10
20131130092584	10
20131130092586	2
20131130092588	8
20131130092590	7
20131130092592	10
20131130092594	1
20131130092596	1
20131130092598	6
20131130092600	1
20131130092602	9
20131130092604	5
20131130092606	4
20131130092608	3
20131130092610	7
20131130092612	6
20131130092614	4
20131130092616	7
20131130092618	8
20131130092620	5
20131130092622	10
20131130092624	8
20131130092626	10
20131130092628	7
20131130092630	3
20131130092632	7
20131130092634	2
20131130092636	2
20131130092638	6
20131130092640	10
20131130092642	7
20131130092644	4
20131130092646	8
20131130092648	2
20131130092650	9
20131130092652	10
20131130092654	2
20131130092656	1
20131130092658	8
20131130092660	1
20131130092662	7
20131130092664	5
20131130092666	8
20131130092668	5
20131130092670	6
20131130092672	5
20131130092674	3
20131130092676	2
20131130092678	8
20131130092680	6
20131130092682	2
20131130092684	9
20131130092686	2
20131130092688	5
20131130092690	10
20131130092692	10
20131130092694	9
20131130092696	3
20131130092698	8
20131130092700	6
20131130092702	10
20131130092704	4
20131130092706	3
20131130092708	9
20131130092710	5
20131130092712	10
20131130092714	4
20131130092716	9
20131130092718	10
20131130092720	5
20131130092722	8
20131130092724	9
20131130092726	5
20131130092728	9
20131130092730	1
20131130092732	8
20131130092734	1
20131130092736	8
20131130092738	10
20131130092740	7
20131130092742	4
20131130092744	5
20131130092746	10
20131130092748	7
20131130092750	8
20131130092752	7
20131130092754	2
20131130092756	1
20131130092758	2
20131130092760	7
20131130092762	8
20131130092764	7
20131130092766	5
20131130092768	6
20131130092770	6
20131130092772	5
20131130092774	4
20131130092776	1
20131130092778	2
20131130092780	8
20131130092782	8
20131130092784	3
20131130092786	6
20131130092788	2
20131130092790	1
20131130092792	4
20131130092794	9
20131130092796	10
20131130092798	6
20131130092800	2
20131130092802	10
20131130092804	7
20131130092806	8
20131130092808	10
20131130092810	5
20131130092812	7
20131130092814	9
20131130092816	10
20131130092818	2
20131130092820	3
20131130092822	4
20131130092824	2
20131130092826	8
20131130092828	1
20131130092830	8
20131130092832	2
20131130092834	10
20131130092836	2
20131130092838	2
20131130092840	2
20131130092842	8
20131130092844	7
20131130092846	4
20131130092848	9
20131130092850	1
20131130092852	9
20131130092854	3
20131130092856	10
20131130092858	3
20131130092860	4
20131130092862	2
20131130092864	4
20131130092866	1
20131130092868	4
20131130092870	10
20131130092872	1
20131130092874	5
20131130092876	4
20131130092878	1
20131130092880	4
20131130092882	2
20131130092884	3
20131130092886	5
20131130092888	8
20131130092890	7
20131130092892	4
20131130092894	5
20131130092896	7
20131130092898	9
20131130092900	9
20131130092902	9
20131130092904	8
20131130092906	2
20131130092908	3
20131130092910	9
20131130092912	2
20131130092914	3
20131130092916	5
20131130092918	7
20131130092920	9
20131130092922	6
20131130092924	3
20131130092926	6
20131130092928	7
20131130092930	5
20131130092932	1
20131130092934	8
20131130092936	7
20131130092938	10
20131130092940	7
20131130092942	8
20131130092944	5
20131130092946	3
20131130092948	7
20131130092950	2
20131130092952	4
20131130092954	3
20131130092956	1
20131130092958	6
20131130092960	7
20131130092962	5
20131130092964	6
20131130092966	9
20131130092968	3
20131130092970	10
20131130092972	10
20131130092974	8
20131130092976	2
20131130092978	1
20131130092980	10
20131130092982	8
20131130092984	2
20131130092986	2
20131130092988	10
20131130092990	2
20131130092992	4
20131130092994	9
20131130092996	6
20131130092998	1
20131130093000	10
20131130093002	5
20131130093004	2
20131130093006	5
20131130093008	4
20131130093010	7
20131130093012	4
20131130093014	8
20131130093016	8
20131130093018	9
20131130093020	10
20131130093022	2
20131130093024	1
20131130093026	10
20131130093028	10
20131130093030	6
20131130093032	10
20131130093034	10
20131130093036	2
20131130093038	2
20131130093040	10
20131130093042	5
20131130093044	1
20131130093046	4
20131130093048	5
20131130093050	5
20131130093052	4
20131130093054	8
20131130093056	1
20131130093058	9
20131130093060	3
20131130093062	7
20131130093064	10
20131130093066	10
20131130093068	9
20131130093070	1
20131130093072	10
20131130093074	9
20131130093076	1
20131130093078	2
20131130093080	7
20131130093082	1
20131130093084	3
20131130093086	4
20131130093088	5
20131130093090	2
20131130093092	1
20131130093094	1
20131130093096	9
20131130093098	9
20131130093100	4
20131130093102	3
20131130093104	5
20131130093106	3
20131130093108	6
20131130093110	5
20131130093112	3
20131130093114	10
20131130093116	6
20131130093118	7
20131130093120	8
20131130093122	6
20131130093124	3
20131130093126	8
20131130093128	7
20131130093130	3
20131130093132	2
20131130093134	6
20131130093136	5
20131130093138	10
20131130093140	4
20131130093142	7
20131130093144	10
20131130093146	10
20131130093148	5
20131130093150	2
20131130093152	7
20131130093154	5
20131130093156	8
20131130093158	4
20131130093160	10
20131130093162	5
20131130093164	8
20131130093166	1
20131130093168	8
20131130093170	3
20131130093172	1
20131130093174	7
20131130093176	2
20131130093178	3
20131130093180	6
20131130093182	10
20131130093184	4
20131130093186	9
20131130093188	7
20131130093190	3
20131130093192	6
20131130093194	5
20131130093196	4
20131130093198	7
20131130093200	7
20131130093202	7
20131130093204	3
20131130093206	5
20131130093208	9
20131130093210	3
20131130093212	7
20131130093214	1
20131130093216	8
20131130093218	5
20131130093220	9
20131130093222	4
20131130093224	5
20131130093226	7
20131130093228	10
20131130093230	1
20131130093232	6
20131130093234	4
20131130093236	9
20131130093238	6
20131130093240	9
20131130093242	3
20131130093244	2
20131130093246	1
20131130093248	7
20131130093250	9
20131130093252	7
20131130093254	3
20131130093256	10
20131130093258	1
20131130093260	6
20131130093262	1
20131130093264	2
20131130093266	7
20131130093268	6
20131130093270	5
20131130093272	3
20131130093274	8
20131130093276	2
20131130093278	4
20131130093280	5
20131130093282	8
20131130093284	1
20131130093286	10
20131130093288	6
20131130093290	7
20131130093292	9
20131130093294	2
20131130093296	7
20131130093298	4
20131130093300	8
20131130093302	2
20131130093304	2
20131130093306	9
20131130093308	7
20131130093310	6
20131130093312	9
20131130093314	9
20131130093316	5
20131130093318	2
20131130093320	10
20131130093322	1
20131130093324	9
20131130093326	9
20131130093328	1
20131130093330	4
20131130093332	4
20131130093334	9
20131130093336	2
20131130093338	6
20131130093340	1
20131130093342	10
20131130093344	5
20131130093346	7
20131130093348	3
20131130093350	1
20131130093352	3
20131130093354	9
20131130093356	7
20131130093358	2
20131130093360	6
20131130093362	8
20131130093364	9
20131130093366	1
20131130093368	10
20131130093370	4
20131130093372	8
20131130093374	9
20131130093376	7
20131130093378	6
20131130093380	1
20131130093382	5
20131130093384	6
20131130093386	4
20131130093388	10
20131130093390	3
20131130093392	3
20131130093394	4
20131130093396	9
20131130093398	10
20131130093400	5
20131130093402	10
20131130093404	3
20131130093406	7
20131130093408	8
20131130093410	2
20131130093412	2
20131130093414	4
20131130093416	6
20131130093418	5
20131130093420	1
20131130093422	10
20131130093424	8
20131130093426	8
20131130093428	7
20131130093430	3
20131130093432	6
20131130093434	8
20131130093436	2
20131130093438	8
20131130093440	10
20131130093442	3
20131130093444	9
20131130093446	3
20131130093448	5
20131130093450	1
20131130093452	3
20131130093454	9
20131130093456	10
20131130093458	6
20131130093460	8
20131130093462	9
20131130093464	5
20131130093466	4
20131130093468	5
20131130093470	3
20131130093472	7
20131130093474	5
20131130093476	6
20131130093478	6
20131130093480	5
20131130093482	3
20131130093484	10
20131130093486	6
20131130093488	10
20131130093490	2
20131130093492	2
20131130093494	5
20131130093496	10
20131130093498	3
20131130093500	1
20131130093502	9
20131130093504	5
20131130093506	5
20131130093508	5
20131130093510	5
20131130093512	7
20131130093514	4
20131130093516	4
20131130093518	2
20131130093520	7
20131130093522	3
20131130093524	4
20131130093526	10
20131130093528	10
20131130093530	1
20131130093532	9
20131130093534	4
20131130093536	10
20131130093538	3
20131130093540	5
20131130093542	9
20131130093544	5
20131130093546	6
20131130093548	9
20131130093550	9
20131130093552	1
20131130093554	9
20131130093556	4
20131130093558	4
20131130093560	3
20131130093562	6
20131130093564	3
20131130093566	3
20131130093568	6
20131130093570	5
20131130093572	3
20131130093574	4
20131130093576	5
20131130093578	10
20131130093580	8
20131130093582	10
20131130093584	4
20131130093586	1
20131130093588	3
20131130093590	8
20131130093592	6
20131130093594	2
20131130093596	4
20131130093598	8
20131130093600	7
20131130093602	3
20131130093604	1
20131130093606	7
20131130093608	4
20131130093610	7
20131130093612	2
20131130093614	9
20131130093616	8
20131130093618	10
20131130093620	2
20131130093622	2
20131130093624	2
20131130093626	4
20131130093628	1
20131130093630	8
20131130093632	8
20131130093634	9
20131130093636	2
20131130093638	10
20131130093640	9
20131130093642	8
20131130093644	4
20131130093646	6
20131130093648	9
20131130093650	2
20131130093652	7
20131130093654	1
20131130093656	6
20131130093658	6
20131130093660	2
20131130093662	6
20131130093664	8
20131130093666	7
20131130093668	6
20131130093670	6
20131130093672	8
20131130093674	7
20131130093676	2
20131130093678	7
20131130093680	3
20131130093682	2
20131130093684	1
20131130093686	4
20131130093688	3
20131130093690	2
20131130093692	8
20131130093694	10
20131130093696	6
20131130093698	4
20131130093700	10
20131130093702	6
20131130093704	8
20131130093706	8
20131130093708	5
20131130093710	7
20131130093712	8
20131130093714	2
20131130093716	3
20131130093718	6
20131130093720	3
20131130093722	10
20131130093724	2
20131130093726	3
20131130093728	4
20131130093730	2
20131130093732	1
20131130093734	9
20131130093736	1
20131130093738	9
20131130093740	6
20131130093742	4
20131130093744	10
20131130093746	6
20131130093748	9
20131130093750	9
20131130093752	4
20131130093754	7
20131130093756	7
20131130093758	3
20131130093760	6
20131130093762	8
20131130093764	4
20131130093766	3
20131130093768	1
20131130093770	10
20131130093772	8
20131130093774	8
20131130093776	1
20131130093778	6
20131130093780	6
20131130093782	10
20131130093784	10
20131130093786	8
20131130093788	2
20131130093790	8
20131130093792	9
20131130093794	7
20131130093796	1
20131130093798	6
20131130093800	4
20131130093802	10
20131130093804	4
20131130093806	4
20131130093808	3
20131130093810	10
20131130093812	10
20131130093814	1
20131130093816	7
20131130093818	2
20131130093820	10
20131130093822	3
20131130093824	8
20131130093826	4
20131130093828	7
20131130093830	8
20131130093832	6
20131130093834	8
20131130093836	2
20131130093838	8
20131130093840	6
20131130093842	8
20131130093844	1
20131130093846	5
20131130093848	1
20131130093850	2
20131130093852	4
20131130093854	2
20131130093856	7
20131130093858	6
20131130093860	2
20131130093862	5
20131130093864	10
20131130093866	1
20131130093868	10
20131130093870	6
20131130093872	2
20131130093874	8
20131130093876	4
20131130093878	10
20131130093880	10
20131130093882	10
20131130093884	4
20131130093886	7
20131130093888	7
20131130093890	10
20131130093892	8
20131130093894	7
20131130093896	9
20131130093898	3
20131130093900	7
20131130093902	9
20131130093904	1
20131130093906	9
20131130093908	5
20131130093910	2
20131130093912	3
20131130093914	1
20131130093916	3
20131130093918	7
20131130093920	7
20131130093922	10
20131130093924	5
20131130093926	7
20131130093928	2
20131130093930	7
20131130093932	7
20131130093934	4
20131130093936	8
20131130093938	9
20131130093940	10
20131130093942	9
20131130093944	10
20131130093946	3
20131130093948	6
20131130093950	10
20131130093952	7
20131130093954	6
20131130093956	10
20131130093958	6
20131130093960	3
20131130093962	3
20131130093964	2
20131130093966	6
20131130093968	10
20131130093970	9
20131130093972	8
20131130093974	2
20131130093976	10
20131130093978	3
20131130093980	4
20131130093982	2
20131130093984	9
20131130093986	5
20131130093988	2
20131130093990	2
20131130093992	1
20131130093994	5
20131130093996	2
20131130093998	7
20131130094000	5
20131130094002	8
20131130094004	2
20131130094006	5
20131130094008	7
20131130094010	3
20131130094012	8
20131130094014	8
20131130094016	10
20131130094018	10
20131130094020	5
20131130094022	6
20131130094024	4
20131130094026	10
20131130094028	4
20131130094030	1
20131130094032	8
20131130094034	10
20131130094036	6
20131130094038	1
20131130094040	7
20131130094042	3
20131130094044	6
20131130094046	9
20131130094048	6
20131130094050	3
20131130094052	4
20131130094054	5
20131130094056	5
20131130094058	8
20131130094060	2
20131130094062	1
20131130094064	9
20131130094066	4
20131130094068	7
20131130094070	10
20131130094072	10
20131130094074	6
20131130094076	4
20131130094078	3
20131130094080	2
20131130094082	6
20131130094084	3
20131130094086	1
20131130094088	10
20131130094090	4
20131130094092	9
20131130094094	7
20131130094096	10
20131130094098	2
20131130094100	8
20131130094102	5
20131130094104	4
20131130094106	9
20131130094108	6
20131130094110	1
20131130094112	1
20131130094114	5
20131130094116	1
20131130094118	5
20131130094120	10
20131130094122	4
20131130094124	3
20131130094126	5
20131130094128	1
20131130094130	10
20131130094132	2
20131130094134	4
20131130094136	9
20131130094138	8
20131130094140	2
20131130094142	2
20131130094144	8
20131130094146	7
20131130094148	5
20131130094150	10
20131130094152	7
20131130094154	2
20131130094156	3
20131130094158	7
20131130094160	5
20131130094162	6
20131130094164	6
20131130094166	5
20131130094168	9
20131130094170	2
20131130094172	6
20131130094174	3
20131130094176	4
20131130094178	1
20131130094180	9
20131130094182	6
20131130094184	5
20131130094186	1
20131130094188	7
20131130094190	6
20131130094192	6
20131130094194	5
20131130094196	7
20131130094198	4
20131130094200	4
20131130094202	5
20131130094204	10
20131130094206	5
20131130094208	2
20131130094210	4
20131130094212	3
20131130094214	6
20131130094216	6
20131130094218	10
20131130094220	6
20131130094222	5
20131130094224	6
20131130094226	7
20131130094228	7
20131130094230	3
20131130094232	10
20131130094234	3
20131130094236	9
20131130094238	4
20131130094240	3
20131130094242	4
20131130094244	3
20131130094246	6
20131130094248	9
20131130094250	2
20131130094252	2
20131130094254	6
20131130094256	4
20131130094258	6
20131130094260	8
20131130094262	9
20131130094264	10
20131130094266	8
20131130094268	7
20131130094270	2
20131130094272	5
20131130094274	8
20131130094276	4
20131130094278	1
20131130094280	7
20131130094282	4
20131130094284	2
20131130094286	8
20131130094288	10
20131130094290	3
20131130094292	9
20131130094294	1
20131130094296	8
20131130094298	5
20131130094300	2
20131130094302	10
20131130094304	3
20131130094306	2
20131130094308	7
20131130094310	9
20131130094312	6
20131130094314	8
20131130094316	10
20131130094318	3
20131130094320	1
20131130094322	7
20131130094324	9
20131130094326	8
20131130094328	7
20131130094330	9
20131130094332	1
20131130094334	9
20131130094336	2
20131130094338	5
20131130094340	9
20131130094342	6
20131130094344	10
20131130094346	5
20131130094348	9
20131130094350	7
20131130094352	3
20131130094354	3
20131130094356	5
20131130094358	9
20131130094360	10
20131130094362	6
20131130094364	4
20131130094366	7
20131130094368	6
20131130094370	3
20131130094372	6
20131130094374	9
20131130094376	2
20131130094378	8
20131130094380	2
20131130094382	7
20131130094384	10
20131130094386	1
20131130094388	10
20131130094390	5
20131130094392	8
20131130094394	8
20131130094396	10
20131130094398	3
20131130094400	8
20131130094402	8
20131130094404	7
20131130094406	4
20131130094408	10
20131130094410	1
20131130094412	7
20131130094414	6
20131130094416	7
20131130094418	5
20131130094420	4
20131130094422	5
20131130094424	6
20131130094426	10
20131130094428	1
20131130094430	6
20131130094432	7
20131130094434	5
20131130094436	10
20131130094438	6
20131130094440	6
20131130094442	5
20131130094444	1
20131130094446	6
20131130094448	6
20131130094450	9
20131130094452	9
20131130094454	5
20131130094456	8
20131130094458	2
20131130094460	5
20131130094462	8
20131130094464	5
20131130094466	4
20131130094468	9
20131130094470	9
20131130094472	7
20131130094474	7
20131130094476	7
20131130094478	2
20131130094480	10
20131130094482	3
20131130094484	4
20131130094486	9
20131130094488	8
20131130094490	5
20131130094492	8
20131130094494	10
20131130094496	6
20131130094498	5
20131130094500	10
20131130094502	1
20131130094504	3
20131130094506	3
20131130094508	3
20131130094510	8
20131130094512	4
20131130094514	7
20131130094516	6
20131130094518	2
20131130094520	3
20131130094522	6
20131130094524	5
20131130094526	9
20131130094528	9
20131130094530	2
20131130094532	8
20131130094534	1
20131130094536	2
20131130094538	1
20131130094540	9
20131130094542	1
20131130094544	1
20131130094546	7
20131130094548	4
20131130094550	9
20131130094552	4
20131130094554	2
20131130094556	1
20131130094558	3
20131130094560	2
20131130094562	1
20131130094564	7
20131130094566	1
20131130094568	1
20131130094570	8
20131130094572	1
20131130094574	5
20131130094576	1
20131130094578	4
20131130094580	1
20131130094582	2
20131130094584	10
20131130094586	7
20131130094588	2
20131130094590	10
20131130094592	1
20131130094594	7
20131130094596	10
20131130094598	1
20131130094600	4
20131130094602	9
20131130094604	4
20131130094606	4
20131130094608	9
20131130094610	6
20131130094612	4
20131130094614	5
20131130094616	5
20131130094618	4
20131130094620	10
20131130094622	2
20131130094624	1
20131130094626	10
20131130094628	5
20131130094630	6
20131130094632	7
20131130094634	4
20131130094636	2
20131130094638	5
20131130094640	1
20131130094642	2
20131130094644	7
20131130094646	7
20131130094648	2
20131130094650	9
20131130094652	3
20131130094654	10
20131130094656	3
20131130094658	1
20131130094660	7
20131130094662	3
20131130094664	9
20131130094666	6
20131130094668	2
20131130094670	7
20131130094672	1
20131130094674	8
20131130094676	7
20131130094678	5
20131130094680	10
20131130094682	3
20131130094684	6
20131130094686	7
20131130094688	9
20131130094690	10
20131130094692	5
20131130094694	7
20131130094696	7
20131130094698	1
20131130094700	2
20131130094702	8
20131130094704	1
20131130094706	4
20131130094708	8
20131130094710	5
20131130094712	7
20131130094714	9
20131130094716	1
20131130094718	8
20131130094720	1
20131130094722	6
20131130094724	5
20131130094726	5
20131130094728	5
20131130094730	3
20131130094732	7
20131130094734	7
20131130094736	4
20131130094738	4
20131130094740	7
20131130094742	1
20131130094744	9
20131130094746	9
20131130094748	6
20131130094750	5
20131130094752	3
20131130094754	1
20131130094756	1
20131130094758	6
20131130094760	10
20131130094762	2
20131130094764	5
20131130094766	4
20131130094768	7
20131130094770	7
20131130094772	5
20131130094774	6
20131130094776	10
20131130094778	1
20131130094780	4
20131130094782	4
20131130094784	4
20131130094786	6
20131130094788	6
20131130094790	4
20131130094792	4
20131130094794	9
20131130094796	2
20131130094798	6
20131130094800	8
20131130094802	7
20131130094804	10
20131130094806	6
20131130094808	6
20131130094810	2
20131130094812	4
20131130094814	3
20131130094816	6
20131130094818	6
20131130094820	3
20131130094822	5
20131130094824	4
20131130094826	10
20131130094828	5
20131130094830	6
20131130094832	5
20131130094834	9
20131130094836	10
20131130094838	9
20131130094840	8
20131130094842	8
20131130094844	9
20131130094846	6
20131130094848	7
20131130094850	3
20131130094852	9
20131130094854	1
20131130094856	10
20131130094858	7
20131130094860	2
20131130094862	8
20131130094864	8
20131130094866	10
20131130094868	4
20131130094870	1
20131130094872	5
20131130094874	10
20131130094876	8
20131130094878	7
20131130094880	6
20131130094882	1
20131130094884	2
20131130094886	6
20131130094888	1
20131130094890	9
20131130094892	7
20131130094894	8
20131130094896	6
20131130094898	3
20131130094900	1
20131130094902	6
20131130094904	3
20131130094906	3
20131130094908	5
20131130094910	1
20131130094912	6
20131130094914	1
20131130094916	1
20131130094918	6
20131130094920	4
20131130094922	7
20131130094924	8
20131130094926	4
20131130094928	5
20131130094930	2
20131130094932	6
20131130094934	7
20131130094936	2
20131130094938	10
20131130094940	8
20131130094942	6
20131130094944	1
20131130094946	2
20131130094948	6
20131130094950	2
20131130094952	5
20131130094954	2
20131130094956	3
20131130094958	10
20131130094960	7
20131130094962	1
20131130094964	4
20131130094966	7
20131130094968	6
20131130094970	10
20131130094972	9
20131130094974	10
20131130094976	9
20131130094978	3
20131130094980	3
20131130094982	5
20131130094984	7
20131130094986	3
20131130094988	1
20131130094990	7
20131130094992	5
20131130094994	7
20131130094996	7
20131130094998	7
20131130095000	8
20131130095002	1
20131130095004	2
20131130095006	9
20131130095008	6
20131130095010	8
20131130095012	10
20131130095014	4
20131130095016	2
20131130095018	5
20131130095020	1
20131130095022	8
20131130095024	9
20131130095026	9
20131130095028	4
20131130095030	3
20131130095032	4
20131130095034	6
20131130095036	4
20131130095038	8
20131130095040	6
20131130095042	1
20131130095044	9
20131130095046	1
20131130095048	6
20131130095050	6
20131130095052	4
20131130095054	2
20131130095056	7
20131130095058	10
20131130095060	6
20131130095062	4
20131130095064	1
20131130095066	10
20131130095068	8
20131130095070	9
20131130095072	6
20131130095074	9
20131130095076	2
20131130095078	10
20131130095080	3
20131130095082	5
20131130095084	10
20131130095086	3
20131130095088	7
20131130095090	1
20131130095092	10
20131130095094	8
20131130095096	6
20131130095098	8
20131130095100	10
20131130095102	8
20131130095104	2
20131130095106	10
20131130095108	8
20131130095110	5
20131130095112	10
20131130095114	8
20131130095116	8
20131130095118	9
20131130095120	4
20131130095122	9
20131130095124	3
20131130095126	9
20131130095128	10
20131130095130	3
20131130095132	9
20131130095134	3
20131130095136	9
20131130095138	8
20131130095140	3
20131130095142	6
20131130095144	10
20131130095146	2
20131130095148	4
20131130095150	1
20131130095152	8
20131130095154	4
20131130095156	10
20131130095158	5
20131130095160	2
20131130095162	9
20131130095164	4
20131130095166	4
20131130095168	8
20131130095170	4
20131130095172	9
20131130095174	8
20131130095176	7
20131130095178	5
20131130095180	9
20131130095182	6
20131130095184	1
20131130095186	1
20131130095188	7
20131130095190	2
20131130095192	10
20131130095194	4
20131130095196	1
20131130095198	10
20131130095200	8
20131130095202	8
20131130095204	1
20131130095206	5
20131130095208	4
20131130095210	7
20131130095212	6
20131130095214	3
20131130095216	4
20131130095218	7
20131130095220	9
20131130095222	1
20131130095224	5
20131130095226	1
20131130095228	6
20131130095230	6
20131130095232	5
20131130095234	8
20131130095236	3
20131130095238	1
20131130095240	2
20131130095242	9
20131130095244	7
20131130095246	1
20131130095248	10
20131130095250	10
20131130095252	3
20131130095254	5
20131130095256	2
20131130095258	6
20131130095260	2
20131130095262	7
20131130095264	10
20131130095266	6
20131130095268	8
20131130095270	6
20131130095272	2
20131130095274	5
20131130095276	8
20131130095278	9
20131130095280	5
20131130095282	8
20131130095284	1
20131130095286	3
20131130095288	9
20131130095290	5
20131130095292	4
20131130095294	3
20131130095296	1
20131130095298	1
20131130095300	2
20131130095302	9
20131130095304	6
20131130095306	3
20131130095308	2
20131130095310	10
20131130095312	1
20131130095314	9
20131130095316	6
20131130095318	4
20131130095320	10
20131130095322	1
20131130095324	7
20131130095326	10
20131130095328	1
20131130095330	1
20131130095332	8
20131130095334	4
20131130095336	2
20131130095338	4
20131130095340	6
20131130095342	9
20131130095344	4
20131130095346	2
20131130095348	6
20131130095350	7
20131130095352	4
20131130095354	2
20131130095356	3
20131130095358	4
20131130095360	1
20131130095362	6
20131130095364	2
20131130095366	3
20131130095368	9
20131130095370	4
20131130095372	7
20131130095374	4
20131130095376	2
20131130095378	1
20131130095380	2
20131130095382	8
20131130095384	3
20131130095386	6
20131130095388	8
20131130095390	3
20131130095392	1
20131130095394	1
20131130095396	1
20131130095398	4
20131130095400	1
20131130095402	9
20131130095404	2
20131130095406	2
20131130095408	5
20131130095410	2
20131130095412	3
20131130095414	4
20131130095416	4
20131130095418	6
20131130095420	9
20131130095422	9
20131130095424	9
20131130095426	7
20131130095428	6
20131130095430	10
20131130095432	9
20131130095434	9
20131130095436	10
20131130095438	9
20131130095440	10
20131130095442	4
20131130095444	2
20131130095446	5
20131130095448	7
20131130095450	3
20131130095452	8
20131130095454	9
20131130095456	4
20131130095458	9
20131130095460	10
20131130095462	8
20131130095464	7
20131130095466	2
20131130095468	8
20131130095470	5
20131130095472	8
20131130095474	5
20131130095476	3
20131130095478	8
20131130095480	7
20131130095482	4
20131130095484	9
20131130095486	8
20131130095488	4
20131130095490	8
20131130095492	9
20131130095494	5
20131130095496	3
20131130095498	7
20131130095500	4
20131130095502	6
20131130095504	2
20131130095506	1
20131130095508	4
20131130095510	8
20131130095512	7
20131130095514	8
20131130095516	3
20131130095518	10
20131130095520	7
20131130095522	3
20131130095524	4
20131130095526	3
20131130095528	3
20131130095530	4
20131130095532	6
20131130095534	8
20131130095536	5
20131130095538	6
20131130095540	6
20131130095542	6
20131130095544	8
20131130095546	5
20131130095548	4
20131130095550	8
20131130095552	3
20131130095554	3
20131130095556	4
20131130095558	2
20131130095560	6
20131130095562	6
20131130095564	5
20131130095566	9
20131130095568	9
20131130095570	4
20131130095572	10
20131130095574	8
20131130095576	10
20131130095578	3
20131130095580	7
20131130095582	10
20131130095584	3
20131130095586	2
20131130095588	2
20131130095590	7
20131130095592	1
20131130095594	5
20131130095596	4
20131130095598	6
20131130095600	2
20131130095602	10
20131130095604	7
20131130095606	1
20131130095608	9
20131130095610	3
20131130095612	5
20131130095614	2
20131130095616	6
20131130095618	8
20131130095620	8
20131130095622	7
20131130095624	6
20131130095626	4
20131130095628	8
20131130095630	6
20131130095632	10
20131130095634	1
20131130095636	6
20131130095638	8
20131130095640	10
20131130095642	6
20131130095644	7
20131130095646	6
20131130095648	10
20131130095650	1
20131130095652	8
20131130095654	2
20131130095656	2
20131130095658	6
20131130095660	6
20131130095662	7
20131130095664	6
20131130095666	6
20131130095668	10
20131130095670	5
20131130095672	4
20131130095674	4
20131130095676	6
20131130095678	6
20131130095680	6
20131130095682	10
20131130095684	10
20131130095686	6
20131130095688	1
20131130095690	4
20131130095692	7
20131130095694	6
20131130095696	9
20131130095698	6
20131130095700	5
20131130095702	9
20131130095704	1
20131130095706	7
20131130095708	4
20131130095710	10
20131130095712	2
20131130095714	8
20131130095716	10
20131130095718	6
20131130095720	6
20131130095722	4
20131130095724	2
20131130095726	10
20131130095728	9
20131130095730	8
20131130095732	3
20131130095734	3
20131130095736	1
20131130095738	3
20131130095740	6
20131130095742	6
20131130095744	8
20131130095746	4
20131130095748	5
20131130095750	1
20131130095752	4
20131130095754	3
20131130095756	6
20131130095758	10
20131130095760	7
20131130095762	9
20131130095764	4
20131130095766	8
20131130095768	10
20131130095770	6
20131130095772	3
20131130095774	4
20131130095776	2
20131130095778	4
20131130095780	2
20131130095782	2
20131130095784	7
20131130095786	10
20131130095788	10
20131130095790	8
20131130095792	9
20131130095794	3
20131130095796	1
20131130095798	8
20131130095800	3
20131130095802	9
20131130095804	8
20131130095806	2
20131130095808	3
20131130095810	4
20131130095812	5
20131130095814	6
20131130095816	4
20131130095818	1
20131130095820	6
20131130095822	5
20131130095824	5
20131130095826	7
20131130095828	5
20131130095830	10
20131130095832	2
20131130095834	1
20131130095836	6
20131130095838	7
20131130095840	8
20131130095842	6
20131130095844	5
20131130095846	8
20131130095848	10
20131130095850	9
20131130095852	10
20131130095854	4
20131130095856	1
20131130095858	3
20131130095860	9
20131130095862	9
20131130095864	2
20131130095866	1
20131130095868	9
20131130095870	6
20131130095872	3
20131130095874	2
20131130095876	1
20131130095878	10
20131130095880	9
20131130095882	3
20131130095884	7
20131130095886	7
20131130095888	2
20131130095890	6
20131130095892	4
20131130095894	4
20131130095896	8
20131130095898	3
20131130095900	3
20131130095902	7
20131130095904	1
20131130095906	7
20131130095908	6
20131130095910	10
20131130095912	10
20131130095914	6
20131130095916	10
20131130095918	9
20131130095920	2
20131130095922	9
20131130095924	8
20131130095926	3
20131130095928	5
20131130095930	1
20131130095932	8
20131130095934	2
20131130095936	6
20131130095938	4
20131130095940	6
20131130095942	8
20131130095944	10
20131130095946	9
20131130095948	3
20131130095950	10
20131130095952	5
20131130095954	6
20131130095956	10
20131130095958	1
20131130095960	5
20131130095962	8
20131130095964	4
20131130095966	3
20131130095968	5
20131130095970	1
20131130095972	1
20131130095974	10
20131130095976	5
20131130095978	2
20131130095980	7
20131130095982	5
20131130095984	5
20131130095986	10
20131130095988	8
20131130095990	4
20131130095992	10
20131130095994	6
20131130095996	9
20131130095998	9
20131130096000	8
20131130096002	3
20131130096004	1
20131130096006	4
20131130096008	4
20131130096010	8
20131130096012	9
20131130096014	3
20131130096016	7
20131130096018	9
20131130096020	4
20131130096022	9
20131130096024	7
20131130096026	10
20131130096028	1
20131130096030	6
20131130096032	4
20131130096034	6
20131130096036	4
20131130096038	7
20131130096040	3
20131130096042	10
20131130096044	4
20131130096046	4
20131130096048	5
20131130096050	7
20131130096052	8
20131130096054	6
20131130096056	6
20131130096058	5
20131130096060	7
20131130096062	9
20131130096064	5
20131130096066	3
20131130096068	1
20131130096070	5
20131130096072	6
20131130096074	4
20131130096076	10
20131130096078	3
20131130096080	6
20131130096082	5
20131130096084	1
20131130096086	9
20131130096088	2
20131130096090	1
20131130096092	6
20131130096094	7
20131130096096	2
20131130096098	9
20131130096100	8
20131130096102	3
20131130096104	4
20131130096106	1
20131130096108	2
20131130096110	9
20131130096112	2
20131130096114	6
20131130096116	5
20131130096118	5
20131130096120	6
20131130096122	6
20131130096124	8
20131130096126	6
20131130096128	8
20131130096130	2
20131130096132	8
20131130096134	1
20131130096136	4
20131130096138	8
20131130096140	4
20131130096142	8
20131130096144	6
20131130096146	7
20131130096148	9
20131130096150	8
20131130096152	8
20131130096154	6
20131130096156	3
20131130096158	4
20131130096160	8
20131130096162	7
20131130096164	2
20131130096166	10
20131130096168	3
20131130096170	9
20131130096172	3
20131130096174	7
20131130096176	5
20131130096178	7
20131130096180	8
20131130096182	3
20131130096184	6
20131130096186	6
20131130096188	2
20131130096190	8
20131130096192	6
20131130096194	3
20131130096196	4
20131130096198	1
20131130096200	4
20131130096202	1
20131130096204	5
20131130096206	4
20131130096208	3
20131130096210	7
20131130096212	3
20131130096214	10
20131130096216	9
20131130096218	8
20131130096220	10
20131130096222	10
20131130096224	10
20131130096226	3
20131130096228	2
20131130096230	5
20131130096232	10
20131130096234	3
20131130096236	4
20131130096238	10
20131130096240	7
20131130096242	5
20131130096244	4
20131130096246	3
20131130096248	7
20131130096250	10
20131130096252	5
20131130096254	6
20131130096256	9
20131130096258	5
20131130096260	6
20131130096262	8
20131130096264	4
20131130096266	10
20131130096268	9
20131130096270	4
20131130096272	1
20131130096274	9
20131130096276	6
20131130096278	5
20131130096280	3
20131130096282	4
20131130096284	3
20131130096286	1
20131130096288	7
20131130096290	8
20131130096292	9
20131130096294	3
20131130096296	9
20131130096298	2
20131130096300	7
20131130096302	8
20131130096304	9
20131130096306	4
20131130096308	10
20131130096310	4
20131130096312	2
20131130096314	9
20131130096316	10
20131130096318	1
20131130096320	8
20131130096322	10
20131130096324	4
20131130096326	10
20131130096328	1
20131130096330	10
20131130096332	7
20131130096334	4
20131130096336	8
20131130096338	5
20131130096340	9
20131130096342	2
20131130096344	2
20131130096346	2
20131130096348	9
20131130096350	3
20131130096352	10
20131130096354	4
20131130096356	9
20131130096358	7
20131130096360	7
20131130096362	5
20131130096364	6
20131130096366	5
20131130096368	4
20131130096370	2
20131130096372	1
20131130096374	1
20131130096376	6
20131130096378	7
20131130096380	6
20131130096382	7
20131130096384	9
20131130096386	4
20131130096388	3
20131130096390	2
20131130096392	6
20131130096394	2
20131130096396	8
20131130096398	2
20131130096400	2
20131130096402	1
20131130096404	5
20131130096406	10
20131130096408	9
20131130096410	8
20131130096412	9
20131130096414	7
20131130096416	1
20131130096418	6
20131130096420	10
20131130096422	7
20131130096424	9
20131130096426	4
20131130096428	10
20131130096430	8
20131130096432	9
20131130096434	1
20131130096436	6
20131130096438	7
20131130096440	1
20131130096442	6
20131130096444	5
20131130096446	2
20131130096448	9
20131130096450	2
20131130096452	2
20131130096454	4
20131130096456	3
20131130096458	7
20131130096460	3
20131130096462	5
20131130096464	4
20131130096466	10
20131130096468	7
20131130096470	1
20131130096472	10
20131130096474	7
20131130096476	9
20131130096478	4
20131130096480	7
20131130096482	3
20131130096484	3
20131130096486	4
20131130096488	2
20131130096490	2
20131130096492	7
20131130096494	3
20131130096496	2
20131130096498	9
20131130096500	2
20131130096502	3
20131130096504	4
20131130096506	8
20131130096508	4
20131130096510	6
20131130096512	2
20131130096514	9
20131130096516	7
20131130096518	4
20131130096520	3
20131130096522	8
20131130096524	10
20131130096526	4
20131130096528	4
20131130096530	8
20131130096532	5
20131130096534	2
20131130096536	2
20131130096538	8
20131130096540	4
20131130096542	4
20131130096544	8
20131130096546	5
20131130096548	1
20131130096550	2
20131130096552	4
20131130096554	8
20131130096556	7
20131130096558	4
20131130096560	1
20131130096562	7
20131130096564	5
20131130096566	7
20131130096568	4
20131130096570	2
20131130096572	2
20131130096574	4
20131130096576	1
20131130096578	5
20131130096580	1
20131130096582	3
20131130096584	3
20131130096586	5
20131130096588	3
20131130096590	8
20131130096592	4
20131130096594	5
20131130096596	4
20131130096598	6
20131130096600	3
20131130096602	6
20131130096604	4
20131130096606	2
20131130096608	6
20131130096610	1
20131130096612	10
20131130096614	3
20131130096616	7
20131130096618	4
20131130096620	4
20131130096622	1
20131130096624	1
20131130096626	8
20131130096628	10
20131130096630	2
20131130096632	3
20131130096634	4
20131130096636	4
20131130096638	5
20131130096640	1
20131130096642	6
20131130096644	4
20131130096646	8
20131130096648	6
20131130096650	7
20131130096652	4
20131130096654	5
20131130096656	9
20131130096658	9
20131130096660	2
20131130096662	1
20131130096664	8
20131130096666	3
20131130096668	10
20131130096670	1
20131130096672	4
20131130096674	10
20131130096676	9
20131130096678	4
20131130096680	2
20131130096682	5
20131130096684	8
20131130096686	2
20131130096688	10
20131130096690	1
20131130096692	9
20131130096694	1
20131130096696	1
20131130096698	6
20131130096700	3
20131130096702	6
20131130096704	1
20131130096706	2
20131130096708	8
20131130096710	7
20131130096712	7
20131130096714	6
20131130096716	9
20131130096718	6
20131130096720	2
20131130096722	4
20131130096724	4
20131130096726	4
20131130096728	10
20131130096730	9
20131130096732	9
20131130096734	1
20131130096736	7
20131130096738	4
20131130096740	6
20131130096742	6
20131130096744	5
20131130096746	6
20131130096748	1
20131130096750	3
20131130096752	5
20131130096754	9
20131130096756	5
20131130096758	4
20131130096760	5
20131130096762	9
20131130096764	4
20131130096766	3
20131130096768	5
20131130096770	3
20131130096772	3
20131130096774	9
20131130096776	4
20131130096778	2
20131130096780	3
20131130096782	5
20131130096784	3
20131130096786	9
20131130096788	3
20131130096790	6
20131130096792	10
20131130096794	1
20131130096796	2
20131130096798	7
20131130096800	6
20131130096802	6
20131130096804	5
20131130096806	10
20131130096808	1
20131130096810	1
20131130096812	8
20131130096814	9
20131130096816	8
20131130096818	4
20131130096820	8
20131130096822	5
20131130096824	2
20131130096826	3
20131130096828	1
20131130096830	8
20131130096832	2
20131130096834	7
20131130096836	2
20131130096838	1
20131130096840	3
20131130096842	10
20131130096844	10
20131130096846	7
20131130096848	7
20131130096850	7
20131130096852	1
20131130096854	5
20131130096856	9
20131130096858	3
20131130096860	2
20131130096862	4
20131130096864	10
20131130096866	6
20131130096868	10
20131130096870	7
20131130096872	10
20131130096874	5
20131130096876	5
20131130096878	7
20131130096880	3
20131130096882	3
20131130096884	2
20131130096886	6
20131130096888	3
20131130096890	5
20131130096892	5
20131130096894	4
20131130096896	10
20131130096898	5
20131130096900	9
20131130096902	9
20131130096904	6
20131130096906	10
20131130096908	2
20131130096910	9
20131130096912	3
20131130096914	8
20131130096916	8
20131130096918	1
20131130096920	7
20131130096922	7
20131130096924	10
20131130096926	10
20131130096928	6
20131130096930	4
20131130096932	7
20131130096934	6
20131130096936	6
20131130096938	7
20131130096940	8
20131130096942	6
20131130096944	6
20131130096946	4
20131130096948	10
20131130096950	10
20131130096952	4
20131130096954	3
20131130096956	1
20131130096958	1
20131130096960	9
20131130096962	9
20131130096964	8
20131130096966	5
20131130096968	6
20131130096970	6
20131130096972	9
20131130096974	5
20131130096976	7
20131130096978	7
20131130096980	3
20131130096982	10
20131130096984	9
20131130096986	1
20131130096988	4
20131130096990	3
20131130096992	3
20131130096994	7
20131130096996	5
20131130096998	5
20131130097000	8
20131130097002	5
20131130097004	9
20131130097006	7
20131130097008	2
20131130097010	3
20131130097012	3
20131130097014	10
20131130097016	1
20131130097018	2
20131130097020	9
20131130097022	2
20131130097024	6
20131130097026	2
20131130097028	9
20131130097030	6
20131130097032	7
20131130097034	6
20131130097036	8
20131130097038	4
20131130097040	8
20131130097042	4
20131130097044	1
20131130097046	7
20131130097048	5
20131130097050	2
20131130097052	8
20131130097054	7
20131130097056	5
20131130097058	8
20131130097060	1
20131130097062	10
20131130097064	1
20131130097066	2
20131130097068	10
20131130097070	2
20131130097072	5
20131130097074	6
20131130097076	4
20131130097078	4
20131130097080	1
20131130097082	9
20131130097084	1
20131130097086	9
20131130097088	4
20131130097090	2
20131130097092	7
20131130097094	8
20131130097096	8
20131130097098	2
20131130097100	2
20131130097102	10
20131130097104	2
20131130097106	5
20131130097108	6
20131130097110	1
20131130097112	10
20131130097114	8
20131130097116	8
20131130097118	2
20131130097120	4
20131130097122	2
20131130097124	1
20131130097126	3
20131130097128	3
20131130097130	6
20131130097132	3
20131130097134	8
20131130097136	4
20131130097138	2
20131130097140	9
20131130097142	7
20131130097144	3
20131130097146	10
20131130097148	3
20131130097150	5
20131130097152	9
20131130097154	9
20131130097156	3
20131130097158	3
20131130097160	6
20131130097162	4
20131130097164	1
20131130097166	3
20131130097168	1
20131130097170	2
20131130097172	10
20131130097174	10
20131130097176	3
20131130097178	9
20131130097180	7
20131130097182	6
20131130097184	5
20131130097186	7
20131130097188	3
20131130097190	9
20131130097192	1
20131130097194	7
20131130097196	10
20131130097198	3
20131130097200	9
20131130097202	4
20131130097204	1
20131130097206	9
20131130097208	4
20131130097210	9
20131130097212	2
20131130097214	4
20131130097216	7
20131130097218	4
20131130097220	9
20131130097222	10
20131130097224	2
20131130097226	1
20131130097228	6
20131130097230	1
20131130097232	10
20131130097234	2
20131130097236	8
20131130097238	8
20131130097240	7
20131130097242	6
20131130097244	2
20131130097246	1
20131130097248	1
20131130097250	5
20131130097252	6
20131130097254	3
20131130097256	7
20131130097258	6
20131130097260	6
20131130097262	9
20131130097264	6
20131130097266	5
20131130097268	6
20131130097270	3
20131130097272	4
20131130097274	4
20131130097276	8
20131130097278	6
20131130097280	10
20131130097282	10
20131130097284	1
20131130097286	6
20131130097288	6
20131130097290	8
20131130097292	3
20131130097294	2
20131130097296	7
20131130097298	4
20131130097300	5
20131130097302	9
20131130097304	4
20131130097306	2
20131130097308	10
20131130097310	2
20131130097312	1
20131130097314	9
20131130097316	5
20131130097318	4
20131130097320	3
20131130097322	6
20131130097324	7
20131130097326	7
20131130097328	2
20131130097330	4
20131130097332	1
20131130097334	1
20131130097336	9
20131130097338	3
20131130097340	3
20131130097342	2
20131130097344	10
20131130097346	6
20131130097348	8
20131130097350	7
20131130097352	10
20131130097354	3
20131130097356	3
20131130097358	9
20131130097360	3
20131130097362	1
20131130097364	5
20131130097366	4
20131130097368	5
20131130097370	2
20131130097372	5
20131130097374	3
20131130097376	5
20131130097378	2
20131130097380	5
20131130097382	5
20131130097384	3
20131130097386	6
20131130097388	1
20131130097390	7
20131130097392	7
20131130097394	4
20131130097396	10
20131130097398	3
20131130097400	6
20131130097402	2
20131130097404	2
20131130097406	7
20131130097408	3
20131130097410	3
20131130097412	9
20131130097414	2
20131130097416	1
20131130097418	4
20131130097420	9
20131130097422	1
20131130097424	3
20131130097426	5
20131130097428	9
20131130097430	7
20131130097432	10
20131130097434	10
20131130097436	10
20131130097438	4
20131130097440	2
20131130097442	5
20131130097444	9
20131130097446	10
20131130097448	8
20131130097450	9
20131130097452	3
20131130097454	1
20131130097456	4
20131130097458	3
20131130097460	2
20131130097462	1
20131130097464	4
20131130097466	6
20131130097468	8
20131130097470	5
20131130097472	8
20131130097474	4
20131130097476	9
20131130097478	10
20131130097480	1
20131130097482	5
20131130097484	2
20131130097486	5
20131130097488	8
20131130097490	6
20131130097492	4
20131130097494	10
20131130097496	2
20131130097498	1
20131130097500	9
20131130097502	9
20131130097504	1
20131130097506	10
20131130097508	8
20131130097510	9
20131130097512	4
20131130097514	10
20131130097516	7
20131130097518	7
20131130097520	1
20131130097522	7
20131130097524	4
20131130097526	2
20131130097528	4
20131130097530	9
20131130097532	7
20131130097534	4
20131130097536	7
20131130097538	1
20131130097540	6
20131130097542	2
20131130097544	6
20131130097546	3
20131130097548	1
20131130097550	10
20131130097552	3
20131130097554	5
20131130097556	6
20131130097558	3
20131130097560	4
20131130097562	5
20131130097564	9
20131130097566	3
20131130097568	6
20131130097570	7
20131130097572	3
20131130097574	2
20131130097576	8
20131130097578	10
20131130097580	8
20131130097582	1
20131130097584	8
20131130097586	9
20131130097588	8
20131130097590	3
20131130097592	4
20131130097594	2
20131130097596	6
20131130097598	7
20131130097600	5
20131130097602	8
20131130097604	6
20131130097606	7
20131130097608	8
20131130097610	1
20131130097612	3
20131130097614	10
20131130097616	9
20131130097618	4
20131130097620	9
20131130097622	10
20131130097624	6
20131130097626	1
20131130097628	10
20131130097630	5
20131130097632	8
20131130097634	3
20131130097636	8
20131130097638	3
20131130097640	4
20131130097642	4
20131130097644	6
20131130097646	2
20131130097648	6
20131130097650	10
20131130097652	2
20131130097654	9
20131130097656	6
20131130097658	9
20131130097660	7
20131130097662	9
20131130097664	6
20131130097666	5
20131130097668	3
20131130097670	6
20131130097672	1
20131130097674	8
20131130097676	3
20131130097678	3
20131130097680	3
20131130097682	8
20131130097684	8
20131130097686	4
20131130097688	3
20131130097690	7
20131130097692	10
20131130097694	2
20131130097696	8
20131130097698	1
20131130097700	8
20131130097702	3
20131130097704	8
20131130097706	9
20131130097708	2
20131130097710	3
20131130097712	1
20131130097714	3
20131130097716	8
20131130097718	2
20131130097720	3
20131130097722	3
20131130097724	2
20131130097726	8
20131130097728	8
20131130097730	3
20131130097732	7
20131130097734	3
20131130097736	5
20131130097738	10
20131130097740	10
20131130097742	10
20131130097744	7
20131130097746	10
20131130097748	7
20131130097750	9
20131130097752	10
20131130097754	4
20131130097756	5
20131130097758	9
20131130097760	9
20131130097762	2
20131130097764	1
20131130097766	1
20131130097768	8
20131130097770	4
20131130097772	2
20131130097774	10
20131130097776	7
20131130097778	8
20131130097780	5
20131130097782	4
20131130097784	2
20131130097786	7
20131130097788	9
20131130097790	2
20131130097792	6
20131130097794	3
20131130097796	3
20131130097798	7
20131130097800	2
20131130097802	7
20131130097804	7
20131130097806	10
20131130097808	2
20131130097810	3
20131130097812	4
20131130097814	9
20131130097816	8
20131130097818	7
20131130097820	8
20131130097822	6
20131130097824	10
20131130097826	9
20131130097828	1
20131130097830	5
20131130097832	9
20131130097834	4
20131130097836	8
20131130097838	5
20131130097840	10
20131130097842	4
20131130097844	5
20131130097846	2
20131130097848	4
20131130097850	4
20131130097852	3
20131130097854	3
20131130097856	10
20131130097858	7
20131130097860	4
20131130097862	7
20131130097864	10
20131130097866	5
20131130097868	7
20131130097870	3
20131130097872	3
20131130097874	5
20131130097876	8
20131130097878	5
20131130097880	8
20131130097882	9
20131130097884	3
20131130097886	5
20131130097888	8
20131130097890	1
20131130097892	3
20131130097894	8
20131130097896	5
20131130097898	1
20131130097900	5
20131130097902	10
20131130097904	9
20131130097906	5
20131130097908	3
20131130097910	1
20131130097912	4
20131130097914	9
20131130097916	5
20131130097918	1
20131130097920	6
20131130097922	10
20131130097924	3
20131130097926	4
20131130097928	8
20131130097930	3
20131130097932	6
20131130097934	7
20131130097936	1
20131130097938	4
20131130097940	8
20131130097942	1
20131130097944	9
20131130097946	9
20131130097948	1
20131130097950	10
20131130097952	3
20131130097954	4
20131130097956	5
20131130097958	4
20131130097960	1
20131130097962	3
20131130097964	3
20131130097966	3
20131130097968	5
20131130097970	3
20131130097972	6
20131130097974	1
20131130097976	1
20131130097978	6
20131130097980	8
20131130097982	7
20131130097984	5
20131130097986	8
20131130097988	5
20131130097990	1
20131130097992	1
20131130097994	3
20131130097996	4
20131130097998	4
20131130098000	3
20131130098002	5
20131130098004	3
20131130098006	6
20131130098008	1
20131130098010	10
20131130098012	9
20131130098014	7
20131130098016	4
20131130098018	2
20131130098020	8
20131130098022	1
20131130098024	6
20131130098026	9
20131130098028	8
20131130098030	1
20131130098032	9
20131130098034	7
20131130098036	5
20131130098038	4
20131130098040	10
20131130098042	6
20131130098044	10
20131130098046	4
20131130098048	4
20131130098050	8
20131130098052	7
20131130098054	10
20131130098056	3
20131130098058	8
20131130098060	10
20131130098062	6
20131130098064	2
20131130098066	5
20131130098068	10
20131130098070	5
20131130098072	10
20131130098074	1
20131130098076	6
20131130098078	5
20131130098080	6
20131130098082	1
20131130098084	8
20131130098086	8
20131130098088	1
20131130098090	4
20131130098092	7
20131130098094	6
20131130098096	4
20131130098098	5
20131130098100	2
20131130098102	7
20131130098104	7
20131130098106	8
20131130098108	7
20131130098110	4
20131130098112	3
20131130098114	9
20131130098116	5
20131130098118	5
20131130098120	3
20131130098122	9
20131130098124	10
20131130098126	9
20131130098128	9
20131130098130	8
20131130098132	2
20131130098134	2
20131130098136	5
20131130098138	2
20131130098140	10
20131130098142	1
20131130098144	9
20131130098146	6
20131130098148	5
20131130098150	2
20131130098152	9
20131130098154	1
20131130098156	1
20131130098158	5
20131130098160	9
20131130098162	6
20131130098164	6
20131130098166	6
20131130098168	1
20131130098170	6
20131130098172	4
20131130098174	5
20131130098176	7
20131130098178	6
20131130098180	3
20131130098182	5
20131130098184	5
20131130098186	7
20131130098188	9
20131130098190	6
20131130098192	3
20131130098194	3
20131130098196	2
20131130098198	10
20131130098200	7
20131130098202	8
20131130098204	8
20131130098206	8
20131130098208	8
20131130098210	4
20131130098212	7
20131130098214	2
20131130098216	9
20131130098218	3
20131130098220	5
20131130098222	8
20131130098224	8
20131130098226	3
20131130098228	4
20131130098230	4
20131130098232	5
20131130098234	5
20131130098236	9
20131130098238	1
20131130098240	3
20131130098242	5
20131130098244	1
20131130098246	10
20131130098248	10
20131130098250	1
20131130098252	3
20131130098254	1
20131130098256	6
20131130098258	2
20131130098260	9
20131130098262	6
20131130098264	2
20131130098266	4
20131130098268	4
20131130098270	10
20131130098272	9
20131130098274	6
20131130098276	6
20131130098278	5
20131130098280	2
20131130098282	6
20131130098284	10
20131130098286	6
20131130098288	2
20131130098290	1
20131130098292	6
20131130098294	3
20131130098296	6
20131130098298	6
20131130098300	6
20131130098302	2
20131130098304	2
20131130098306	8
20131130098308	3
20131130098310	4
20131130098312	6
20131130098314	2
20131130098316	1
20131130098318	3
20131130098320	9
20131130098322	5
20131130098324	2
20131130098326	7
20131130098328	7
20131130098330	3
20131130098332	6
20131130098334	2
20131130098336	2
20131130098338	9
20131130098340	4
20131130098342	9
20131130098344	5
20131130098346	10
20131130098348	7
20131130098350	1
20131130098352	6
20131130098354	3
20131130098356	5
20131130098358	9
20131130098360	4
20131130098362	7
20131130098364	10
20131130098366	6
20131130098368	10
20131130098370	1
20131130098372	5
20131130098374	5
20131130098376	5
20131130098378	2
20131130098380	9
20131130098382	10
20131130098384	8
20131130098386	7
20131130098388	6
20131130098390	8
20131130098392	10
20131130098394	5
20131130098396	1
20131130098398	8
20131130098400	4
20131130098402	5
20131130098404	5
20131130098406	2
20131130098408	5
20131130098410	4
20131130098412	1
20131130098414	4
20131130098416	10
20131130098418	3
20131130098420	5
20131130098422	2
20131130098424	6
20131130098426	10
20131130098428	6
20131130098430	4
20131130098432	1
20131130098434	7
20131130098436	5
20131130098438	3
20131130098440	10
20131130098442	3
20131130098444	2
20131130098446	10
20131130098448	8
20131130098450	8
20131130098452	4
20131130098454	6
20131130098456	4
20131130098458	7
20131130098460	3
20131130098462	1
20131130098464	8
20131130098466	5
20131130098468	3
20131130098470	10
20131130098472	7
20131130098474	9
20131130098476	10
20131130098478	5
20131130098480	6
20131130098482	8
20131130098484	7
20131130098486	3
20131130098488	10
20131130098490	7
20131130098492	9
20131130098494	2
20131130098496	8
20131130098498	5
20131130098500	4
20131130098502	8
20131130098504	1
20131130098506	6
20131130098508	10
20131130098510	8
20131130098512	4
20131130098514	8
20131130098516	5
20131130098518	7
20131130098520	7
20131130098522	5
20131130098524	5
20131130098526	7
20131130098528	5
20131130098530	4
20131130098532	9
20131130098534	4
20131130098536	4
20131130098538	7
20131130098540	8
20131130098542	3
20131130098544	1
20131130098546	6
20131130098548	4
20131130098550	4
20131130098552	9
20131130098554	4
20131130098556	4
20131130098558	7
20131130098560	8
20131130098562	2
20131130098564	8
20131130098566	2
20131130098568	2
20131130098570	2
20131130098572	3
20131130098574	5
20131130098576	9
20131130098578	9
20131130098580	5
20131130098582	1
20131130098584	9
20131130098586	5
20131130098588	4
20131130098590	7
20131130098592	7
20131130098594	7
20131130098596	1
20131130098598	6
20131130098600	6
20131130098602	5
20131130098604	7
20131130098606	3
20131130098608	6
20131130098610	1
20131130098612	8
20131130098614	5
20131130098616	9
20131130098618	1
20131130098620	8
20131130098622	3
20131130098624	6
20131130098626	5
20131130098628	10
20131130098630	5
20131130098632	10
20131130098634	8
20131130098636	1
20131130098638	7
20131130098640	10
20131130098642	7
20131130098644	7
20131130098646	1
20131130098648	9
20131130098650	3
20131130098652	7
20131130098654	1
20131130098656	10
20131130098658	3
20131130098660	5
20131130098662	5
20131130098664	5
20131130098666	5
20131130098668	10
20131130098670	2
20131130098672	8
20131130098674	7
20131130098676	1
20131130098678	9
20131130098680	10
20131130098682	10
20131130098684	2
20131130098686	1
20131130098688	9
20131130098690	4
20131130098692	6
20131130098694	9
20131130098696	8
20131130098698	7
20131130098700	2
20131130098702	10
20131130098704	2
20131130098706	2
20131130098708	7
20131130098710	8
20131130098712	3
20131130098714	10
20131130098716	2
20131130098718	1
20131130098720	3
20131130098722	9
20131130098724	6
20131130098726	1
20131130098728	7
20131130098730	1
20131130098732	1
20131130098734	8
20131130098736	6
20131130098738	9
20131130098740	5
20131130098742	7
20131130098744	1
20131130098746	5
20131130098748	5
20131130098750	4
20131130098752	7
20131130098754	2
20131130098756	1
20131130098758	6
20131130098760	7
20131130098762	8
20131130098764	10
20131130098766	1
20131130098768	5
20131130098770	9
20131130098772	6
20131130098774	8
20131130098776	7
20131130098778	6
20131130098780	1
20131130098782	3
20131130098784	8
20131130098786	8
20131130098788	6
20131130098790	10
20131130098792	3
20131130098794	1
20131130098796	7
20131130098798	9
20131130098800	7
20131130098802	1
20131130098804	6
20131130098806	3
20131130098808	3
20131130098810	8
20131130098812	6
20131130098814	6
20131130098816	6
20131130098818	1
20131130098820	9
20131130098822	7
20131130098824	6
20131130098826	8
20131130098828	5
20131130098830	7
20131130098832	5
20131130098834	10
20131130098836	2
20131130098838	10
20131130098840	3
20131130098842	8
20131130098844	3
20131130098846	6
20131130098848	1
20131130098850	2
20131130098852	6
20131130098854	9
20131130098856	3
20131130098858	5
20131130098860	9
20131130098862	3
20131130098864	9
20131130098866	7
20131130098868	3
20131130098870	5
20131130098872	5
20131130098874	8
20131130098876	10
20131130098878	9
20131130098880	10
20131130098882	6
20131130098884	5
20131130098886	6
20131130098888	6
20131130098890	10
20131130098892	3
20131130098894	9
20131130098896	1
20131130098898	4
20131130098900	5
20131130098902	4
20131130098904	7
20131130098906	10
20131130098908	10
20131130098910	7
20131130098912	6
20131130098914	5
20131130098916	3
20131130098918	8
20131130098920	1
20131130098922	1
20131130098924	1
20131130098926	10
20131130098928	4
20131130098930	3
20131130098932	4
20131130098934	2
20131130098936	2
20131130098938	7
20131130098940	10
20131130098942	7
20131130098944	4
20131130098946	6
20131130098948	2
20131130098950	7
20131130098952	1
20131130098954	10
20131130098956	1
20131130098958	1
20131130098960	2
20131130098962	2
20131130098964	1
20131130098966	10
20131130098968	1
20131130098970	8
20131130098972	5
20131130098974	7
20131130098976	2
20131130098978	9
20131130098980	7
20131130098982	5
20131130098984	5
20131130098986	10
20131130098988	7
20131130098990	3
20131130098992	10
20131130098994	7
20131130098996	4
20131130098998	9
20131130099000	4
20131130099002	5
20131130099004	9
20131130099006	9
20131130099008	8
20131130099010	2
20131130099012	8
20131130099014	6
20131130099016	9
20131130099018	4
20131130099020	1
20131130099022	1
20131130099024	6
20131130099026	9
20131130099028	8
20131130099030	10
20131130099032	9
20131130099034	7
20131130099036	4
20131130099038	10
20131130099040	8
20131130099042	4
20131130099044	10
20131130099046	4
20131130099048	4
20131130099050	1
20131130099052	3
20131130099054	5
20131130099056	3
20131130099058	10
20131130099060	9
20131130099062	2
20131130099064	1
20131130099066	2
20131130099068	8
20131130099070	9
20131130099072	10
20131130099074	4
20131130099076	8
20131130099078	6
20131130099080	4
20131130099082	10
20131130099084	5
20131130099086	8
20131130099088	10
20131130099090	5
20131130099092	4
20131130099094	10
20131130099096	7
20131130099098	5
20131130099100	1
20131130099102	9
20131130099104	9
20131130099106	9
20131130099108	8
20131130099110	5
20131130099112	10
20131130099114	1
20131130099116	10
20131130099118	2
20131130099120	3
20131130099122	7
20131130099124	8
20131130099126	10
20131130099128	8
20131130099130	5
20131130099132	10
20131130099134	7
20131130099136	3
20131130099138	6
20131130099140	2
20131130099142	7
20131130099144	8
20131130099146	1
20131130099148	5
20131130099150	5
20131130099152	6
20131130099154	4
20131130099156	6
20131130099158	1
20131130099160	1
20131130099162	7
20131130099164	4
20131130099166	9
20131130099168	4
20131130099170	6
20131130099172	9
20131130099174	5
20131130099176	1
20131130099178	5
20131130099180	10
20131130099182	9
20131130099184	4
20131130099186	10
20131130099188	9
20131130099190	6
20131130099192	9
20131130099194	7
20131130099196	1
20131130099198	4
20131130099200	5
20131130099202	3
20131130099204	8
20131130099206	8
20131130099208	6
20131130099210	2
20131130099212	10
20131130099214	1
20131130099216	9
20131130099218	7
20131130099220	3
20131130099222	4
20131130099224	4
20131130099226	1
20131130099228	1
20131130099230	9
20131130099232	3
20131130099234	10
20131130099236	9
20131130099238	3
20131130099240	10
20131130099242	2
20131130099244	10
20131130099246	2
20131130099248	1
20131130099250	5
20131130099252	5
20131130099254	2
20131130099256	1
20131130099258	6
20131130099260	2
20131130099262	4
20131130099264	2
20131130099266	7
20131130099268	4
20131130099270	4
20131130099272	7
20131130099274	6
20131130099276	10
20131130099278	10
20131130099280	7
20131130099282	8
20131130099284	8
20131130099286	2
20131130099288	7
20131130099290	7
20131130099292	6
20131130099294	6
20131130099296	9
20131130099298	9
20131130099300	10
20131130099302	9
20131130099304	3
20131130099306	2
20131130099308	9
20131130099310	1
20131130099312	2
20131130099314	4
20131130099316	10
20131130099318	2
20131130099320	5
20131130099322	4
20131130099324	10
20131130099326	1
20131130099328	1
20131130099330	9
20131130099332	1
20131130099334	1
20131130099336	8
20131130099338	1
20131130099340	7
20131130099342	6
20131130099344	7
20131130099346	10
20131130099348	4
20131130099350	10
20131130099352	8
20131130099354	7
20131130099356	1
20131130099358	4
20131130099360	6
20131130099362	2
20131130099364	2
20131130099366	6
20131130099368	9
20131130099370	6
20131130099372	8
20131130099374	5
20131130099376	10
20131130099378	2
20131130099380	10
20131130099382	4
20131130099384	8
20131130099386	7
20131130099388	1
20131130099390	5
20131130099392	8
20131130099394	1
20131130099396	5
20131130099398	5
20131130099400	1
20131130099402	3
20131130099404	7
20131130099406	6
20131130099408	2
20131130099410	3
20131130099412	10
20131130099414	8
20131130099416	6
20131130099418	9
20131130099420	7
20131130099422	8
20131130099424	8
20131130099426	9
20131130099428	6
20131130099430	2
20131130099432	4
20131130099434	3
20131130099436	8
20131130099438	10
20131130099440	9
20131130099442	5
20131130099444	10
20131130099446	4
20131130099448	10
20131130099450	1
20131130099452	4
20131130099454	2
20131130099456	10
20131130099458	1
20131130099460	9
20131130099462	5
20131130099464	3
20131130099466	3
20131130099468	9
20131130099470	1
20131130099472	10
20131130099474	7
20131130099476	1
20131130099478	10
20131130099480	2
20131130099482	2
20131130099484	4
20131130099486	5
20131130099488	5
20131130099490	9
20131130099492	1
20131130099494	10
20131130099496	2
20131130099498	2
20131130099500	1
20131130099502	1
20131130099504	7
20131130099506	3
20131130099508	2
20131130099510	8
20131130099512	9
20131130099514	7
20131130099516	8
20131130099518	10
20131130099520	10
20131130099522	10
20131130099524	5
20131130099526	6
20131130099528	5
20131130099530	5
20131130099532	1
20131130099534	9
20131130099536	6
20131130099538	10
20131130099540	5
20131130099542	4
20131130099544	9
20131130099546	2
20131130099548	1
20131130099550	1
20131130099552	4
20131130099554	9
20131130099556	8
20131130099558	9
20131130099560	9
20131130099562	2
20131130099564	9
20131130099566	10
20131130099568	7
20131130099570	7
20131130099572	10
20131130099574	6
20131130099576	2
20131130099578	10
20131130099580	7
20131130099582	8
20131130099584	1
20131130099586	9
20131130099588	10
20131130099590	6
20131130099592	3
20131130099594	8
20131130099596	4
20131130099598	1
20131130099600	10
20131130099602	5
20131130099604	3
20131130099606	3
20131130099608	4
20131130099610	8
20131130099612	5
20131130099614	8
20131130099616	5
20131130099618	7
20131130099620	9
20131130099622	8
20131130099624	3
20131130099626	8
20131130099628	10
20131130099630	4
20131130099632	2
20131130099634	3
20131130099636	7
20131130099638	8
20131130099640	10
20131130099642	5
20131130099644	5
20131130099646	6
20131130099648	3
20131130099650	1
20131130099652	10
20131130099654	9
20131130099656	8
20131130099658	7
20131130099660	6
20131130099662	3
20131130099664	9
20131130099666	4
20131130099668	10
20131130099670	10
20131130099672	7
20131130099674	10
20131130099676	5
20131130099678	6
20131130099680	9
20131130099682	5
20131130099684	2
20131130099686	1
20131130099688	2
20131130099690	2
20131130099692	4
20131130099694	4
20131130099696	7
20131130099698	3
20131130099700	6
20131130099702	1
20131130099704	9
20131130099706	1
20131130099708	6
20131130099710	5
20131130099712	3
20131130099714	1
20131130099716	2
20131130099718	9
20131130099720	3
20131130099722	6
20131130099724	3
20131130099726	7
20131130099728	4
20131130099730	4
20131130099732	6
20131130099734	7
20131130099736	8
20131130099738	4
20131130099740	1
20131130099742	5
20131130099744	3
20131130099746	3
20131130099748	1
20131130099750	9
20131130099752	5
20131130099754	4
20131130099756	3
20131130099758	2
20131130099760	2
20131130099762	9
20131130099764	1
20131130099766	9
20131130099768	1
20131130099770	2
20131130099772	3
20131130099774	7
20131130099776	10
20131130099778	2
20131130099780	5
20131130099782	3
20131130099784	2
20131130099786	3
20131130099788	3
20131130099790	9
20131130099792	9
20131130099794	10
20131130099796	4
20131130099798	3
20131130099800	1
20131130099802	10
20131130099804	9
20131130099806	9
20131130099808	9
20131130099810	8
20131130099812	5
20131130099814	8
20131130099816	7
20131130099818	3
20131130099820	3
20131130099822	3
20131130099824	3
20131130099826	4
20131130099828	3
20131130099830	1
20131130099832	8
20131130099834	2
20131130099836	9
20131130099838	10
20131130099840	3
20131130099842	5
20131130099844	3
20131130099846	8
20131130099848	6
20131130099850	9
20131130099852	7
20131130099854	8
20131130099856	10
20131130099858	10
20131130099860	4
20131130099862	2
20131130099864	4
20131130099866	8
20131130099868	8
20131130099870	10
20131130099872	6
20131130099874	2
20131130099876	2
20131130099878	6
20131130099880	10
20131130099882	2
20131130099884	5
20131130099886	10
20131130099888	5
20131130099890	8
20131130099892	1
20131130099894	4
20131130099896	10
20131130099898	10
20131130099900	1
20131130099902	2
20131130099904	6
20131130099906	10
20131130099908	2
20131130099910	3
20131130099912	1
20131130099914	8
20131130099916	9
20131130099918	6
20131130099920	1
20131130099922	1
20131130099924	3
20131130099926	8
20131130099928	1
20131130099930	3
20131130099932	6
20131130099934	2
20131130099936	10
20131130099938	5
20131130099940	9
20131130099942	10
20131130099944	3
20131130099946	4
20131130099948	7
20131130099950	6
20131130099952	1
20131130099954	2
20131130099956	5
20131130099958	5
20131130099960	2
20131130099962	2
20131130099964	4
20131130099966	2
20131130099968	2
20131130099970	3
20131130099972	2
20131130099974	2
20131130099976	3
20131130099978	4
20131130099980	2
20131130099982	7
20131130099984	2
20131130099986	2
20131130099988	3
20131130099990	4
20131130099992	5
20131130099994	1
20131130099996	7
20131130099998	1
20131130100000	9
